"ytd","total_sales","total_quantity","total_gp","gp_percent"
"2022","13509613.82","538609.94","5415385.311","40.08541904419885186600"
"2023","12997350.02","555664.25","5150098.637","39.62422054553548139300"
"2024","3569324.72","148469.76","1397238.835","39.14574729418286156900"
